Number of Hidden Layers, Number of Nodes per Hidden Layer, Activation function, learning rate, accuracy
1,17,ReLU,0.6,0.5506883604505632
1,17,ReLU,0.7,0.5682102628285357
1,17,ReLU,0.7999999999999999,0.5306633291614519
1,17,ReLU,0.8999999999999999,0.5494367959949937
1,17,ReLU,0.9999999999999999,0.5081351689612015
1,17,ReLU,1.0999999999999999,0.5331664580725908
1,17,ReLU,1.2,0.5569461827284106
1,17,ReLU,1.3,0.5006257822277848
1,17,Sigmoid,1.4000000000000001,0.6020025031289111
1,17,Sigmoid,1.5000000000000002,0.6107634543178974
1,17,Sigmoid,1.6000000000000003,0.5531914893617021
1,17,Sigmoid,1.7000000000000004,0.6020025031289111
1,17,Sigmoid,1.8000000000000005,0.5869837296620776
1,17,Sigmoid,1.9000000000000006,0.5456821026282853
1,17,Sigmoid,2.0000000000000004,0.5644555694618273
1,17,Sigmoid,2.1000000000000005,0.5294117647058824
1,17,Softmax,3.0000000000000013,0.5569461827284106
1,17,Softmax,3.1000000000000014,0.5244055068836045
1,17,Softmax,3.2000000000000015,0.5406758448060075
1,17,Softmax,3.3000000000000016,0.5156445556946183
1,17,Softmax,3.4000000000000017,0.5481852315394243
1,17,Softmax,3.5000000000000018,0.5444305381727159
1,17,Softmax,3.600000000000002,0.48685857321652065
1,17,Softmax,3.700000000000002,0.5344180225281602
1,17,Tanh,2.2000000000000006,0.5018773466833542
1,17,Tanh,2.3000000000000007,0.44180225281602004
1,17,Tanh,2.400000000000001,0.48435544430538174
1,17,Tanh,2.500000000000001,0.4643304130162703
1,17,Tanh,2.600000000000001,0.3879849812265332
1,17,Tanh,2.700000000000001,0.40550688360450565
1,17,Tanh,2.800000000000001,0.4430538172715895
1,17,Tanh,2.9000000000000012,0.40550688360450565
1,18,ReLU,0.6,0.5619524405506884
1,18,ReLU,0.7,0.5882352941176471
1,18,ReLU,0.7999999999999999,0.541927409261577
1,18,ReLU,0.8999999999999999,0.5244055068836045
1,18,ReLU,0.9999999999999999,0.5244055068836045
1,18,ReLU,1.0999999999999999,0.5118898623279099
1,18,ReLU,1.2,0.5193992490613266
1,18,ReLU,1.3,0.5031289111389237
1,18,Sigmoid,1.4000000000000001,0.5394242803504381
1,18,Sigmoid,1.5000000000000002,0.5607008760951189
1,18,Sigmoid,1.6000000000000003,0.5619524405506884
1,18,Sigmoid,1.7000000000000004,0.5969962453066333
1,18,Sigmoid,1.8000000000000005,0.5369211514392991
1,18,Sigmoid,1.9000000000000006,0.5682102628285357
1,18,Sigmoid,2.0000000000000004,0.5782227784730913
1,18,Sigmoid,2.1000000000000005,0.5594493116395495
1,18,Softmax,3.0000000000000013,0.5319148936170213
1,18,Softmax,3.1000000000000014,0.5006257822277848
1,18,Softmax,3.2000000000000015,0.5894868585732165
1,18,Softmax,3.3000000000000016,0.5594493116395495
1,18,Softmax,3.4000000000000017,0.5481852315394243
1,18,Softmax,3.5000000000000018,0.4818523153942428
1,18,Softmax,3.600000000000002,0.4956195244055069
1,18,Softmax,3.700000000000002,0.5406758448060075
1,18,Tanh,2.2000000000000006,0.47309136420525655
1,18,Tanh,2.3000000000000007,0.45431789737171463
1,18,Tanh,2.400000000000001,0.4956195244055069
1,18,Tanh,2.500000000000001,0.4305381727158949
1,18,Tanh,2.600000000000001,0.4430538172715895
1,18,Tanh,2.700000000000001,0.45431789737171463
1,18,Tanh,2.800000000000001,0.4918648310387985
1,18,Tanh,2.9000000000000012,0.5081351689612015
1,19,ReLU,0.6,0.5707133917396746
1,19,ReLU,0.7,0.5932415519399249
1,19,ReLU,0.7999999999999999,0.5394242803504381
1,19,ReLU,0.8999999999999999,0.590738423028786
1,19,ReLU,0.9999999999999999,0.5669586983729662
1,19,ReLU,1.0999999999999999,0.49687108886107634
1,19,ReLU,1.2,0.5281602002503129
1,19,ReLU,1.3,0.5106382978723404
1,19,Sigmoid,1.4000000000000001,0.6057571964956195
1,19,Sigmoid,1.5000000000000002,0.6357947434292867
1,19,Sigmoid,1.6000000000000003,0.5294117647058824
1,19,Sigmoid,1.7000000000000004,0.5632040050062578
1,19,Sigmoid,1.8000000000000005,0.6020025031289111
1,19,Sigmoid,1.9000000000000006,0.571964956195244
1,19,Sigmoid,2.0000000000000004,0.5481852315394243
1,19,Sigmoid,2.1000000000000005,0.5794743429286608
1,19,Softmax,3.0000000000000013,0.5331664580725908
1,19,Softmax,3.1000000000000014,0.5056320400500626
1,19,Softmax,3.2000000000000015,0.5143929912390488
1,19,Softmax,3.3000000000000016,0.5769712140175219
1,19,Softmax,3.4000000000000017,0.5544430538172715
1,19,Softmax,3.5000000000000018,0.523153942428035
1,19,Softmax,3.600000000000002,0.5056320400500626
1,19,Softmax,3.700000000000002,0.5732165206508135
1,19,Tanh,2.2000000000000006,0.4831038798498123
1,19,Tanh,2.3000000000000007,0.4593241551939925
1,19,Tanh,2.400000000000001,0.4292866082603254
1,19,Tanh,2.500000000000001,0.4655819774718398
1,19,Tanh,2.600000000000001,0.4267834793491865
1,19,Tanh,2.700000000000001,0.39424280350438046
1,19,Tanh,2.800000000000001,0.46307884856070086
1,19,Tanh,2.9000000000000012,0.46307884856070086
1,20,ReLU,0.6,0.5644555694618273
1,20,ReLU,0.7,0.541927409261577
1,20,ReLU,0.7999999999999999,0.5531914893617021
1,20,ReLU,0.8999999999999999,0.5444305381727159
1,20,ReLU,0.9999999999999999,0.5669586983729662
1,20,ReLU,1.0999999999999999,0.5569461827284106
1,20,ReLU,1.2,0.5206508135168961
1,20,ReLU,1.3,0.4793491864831039
1,20,Sigmoid,1.4000000000000001,0.5206508135168961
1,20,Sigmoid,1.5000000000000002,0.5732165206508135
1,20,Sigmoid,1.6000000000000003,0.5732165206508135
1,20,Sigmoid,1.7000000000000004,0.6007509386733417
1,20,Sigmoid,1.8000000000000005,0.541927409261577
1,20,Sigmoid,1.9000000000000006,0.5732165206508135
1,20,Sigmoid,2.0000000000000004,0.5832290362953693
1,20,Sigmoid,2.1000000000000005,0.5569461827284106
1,20,Softmax,3.0000000000000013,0.5444305381727159
1,20,Softmax,3.1000000000000014,0.5632040050062578
1,20,Softmax,3.2000000000000015,0.48936170212765956
1,20,Softmax,3.3000000000000016,0.4881101376720901
1,20,Softmax,3.4000000000000017,0.5594493116395495
1,20,Softmax,3.5000000000000018,0.5769712140175219
1,20,Softmax,3.600000000000002,0.5456821026282853
1,20,Softmax,3.700000000000002,0.5269086357947435
1,20,Tanh,2.2000000000000006,0.4593241551939925
1,20,Tanh,2.3000000000000007,0.43178973717146435
1,20,Tanh,2.400000000000001,0.40801001251564456
1,20,Tanh,2.500000000000001,0.47434292866082606
1,20,Tanh,2.600000000000001,0.4330413016270338
1,20,Tanh,2.700000000000001,0.39424280350438046
1,20,Tanh,2.800000000000001,0.36545682102628285
1,20,Tanh,2.9000000000000012,0.4881101376720901
1,21,ReLU,0.6,0.5844806007509387
1,21,ReLU,0.7,0.5682102628285357
1,21,ReLU,0.7999999999999999,0.5369211514392991
1,21,ReLU,0.8999999999999999,0.523153942428035
1,21,ReLU,0.9999999999999999,0.5156445556946183
1,21,ReLU,1.0999999999999999,0.5344180225281602
1,21,ReLU,1.2,0.4856070087609512
1,21,ReLU,1.3,0.5056320400500626
1,21,Sigmoid,1.4000000000000001,0.5506883604505632
1,21,Sigmoid,1.5000000000000002,0.5481852315394243
1,21,Sigmoid,1.6000000000000003,0.5331664580725908
1,21,Sigmoid,1.7000000000000004,0.5369211514392991
1,21,Sigmoid,1.8000000000000005,0.5569461827284106
1,21,Sigmoid,1.9000000000000006,0.5894868585732165
1,21,Sigmoid,2.0000000000000004,0.5682102628285357
1,21,Sigmoid,2.1000000000000005,0.6145181476846058
1,21,Softmax,3.0000000000000013,0.5644555694618273
1,21,Softmax,3.1000000000000014,0.5619524405506884
1,21,Softmax,3.2000000000000015,0.5193992490613266
1,21,Softmax,3.3000000000000016,0.509386733416771
1,21,Softmax,3.4000000000000017,0.5344180225281602
1,21,Softmax,3.5000000000000018,0.5969962453066333
1,21,Softmax,3.600000000000002,0.490613266583229
1,21,Softmax,3.700000000000002,0.5444305381727159
1,21,Tanh,2.2000000000000006,0.4806007509386733
1,21,Tanh,2.3000000000000007,0.4818523153942428
1,21,Tanh,2.400000000000001,0.46808510638297873
1,21,Tanh,2.500000000000001,0.4430538172715895
1,21,Tanh,2.600000000000001,0.47058823529411764
1,21,Tanh,2.700000000000001,0.47684605757196497
1,21,Tanh,2.800000000000001,0.4568210262828536
1,21,Tanh,2.9000000000000012,0.39173967459324155
2,17,ReLU,0.6,0.5982478097622027
2,17,ReLU,0.7,0.6107634543178974
2,17,ReLU,0.7999999999999999,0.609511889862328
2,17,ReLU,0.8999999999999999,0.5456821026282853
2,17,ReLU,0.9999999999999999,0.5794743429286608
2,17,ReLU,1.0999999999999999,0.5381727158948686
2,17,ReLU,1.2,0.5306633291614519
2,17,ReLU,1.3,0.5118898623279099
2,17,Sigmoid,1.4000000000000001,0.6182728410513142
2,17,Sigmoid,1.5000000000000002,0.639549436795995
2,17,Sigmoid,1.6000000000000003,0.6745932415519399
2,17,Sigmoid,1.7000000000000004,0.6458072590738423
2,17,Sigmoid,1.8000000000000005,0.6420525657071339
2,17,Sigmoid,1.9000000000000006,0.6282853566958698
2,17,Sigmoid,2.0000000000000004,0.6007509386733417
2,17,Sigmoid,2.1000000000000005,0.6470588235294118
2,17,Softmax,3.0000000000000013,0.47058823529411764
2,17,Softmax,3.1000000000000014,0.4755944931163955
2,17,Softmax,3.2000000000000015,0.47684605757196497
2,17,Softmax,3.3000000000000016,0.4718397997496871
2,17,Softmax,3.4000000000000017,0.4117647058823529
2,17,Softmax,3.5000000000000018,0.46808510638297873
2,17,Softmax,3.600000000000002,0.4718397997496871
2,17,Softmax,3.700000000000002,0.4655819774718398
2,17,Tanh,2.2000000000000006,0.49687108886107634
2,17,Tanh,2.3000000000000007,0.4643304130162703
2,17,Tanh,2.400000000000001,0.4430538172715895
2,17,Tanh,2.500000000000001,0.4668335419274093
2,17,Tanh,2.600000000000001,0.43178973717146435
2,17,Tanh,2.700000000000001,0.42052565707133915
2,17,Tanh,2.800000000000001,0.43429286608260326
2,17,Tanh,2.9000000000000012,0.43679599499374216
2,18,ReLU,0.6,0.60450563204005
2,18,ReLU,0.7,0.6257822277847309
2,18,ReLU,0.7999999999999999,0.639549436795995
2,18,ReLU,0.8999999999999999,0.5882352941176471
2,18,ReLU,0.9999999999999999,0.5807259073842302
2,18,ReLU,1.0999999999999999,0.6007509386733417
2,18,ReLU,1.2,0.493116395494368
2,18,ReLU,1.3,0.5807259073842302
2,18,Sigmoid,1.4000000000000001,0.6608260325406758
2,18,Sigmoid,1.5000000000000002,0.6382978723404256
2,18,Sigmoid,1.6000000000000003,0.6420525657071339
2,18,Sigmoid,1.7000000000000004,0.6808510638297872
2,18,Sigmoid,1.8000000000000005,0.5556946182728411
2,18,Sigmoid,1.9000000000000006,0.6107634543178974
2,18,Sigmoid,2.0000000000000004,0.685857321652065
2,18,Sigmoid,2.1000000000000005,0.6946182728410513
2,18,Softmax,3.0000000000000013,0.4455569461827284
2,18,Softmax,3.1000000000000014,0.5031289111389237
2,18,Softmax,3.2000000000000015,0.48685857321652065
2,18,Softmax,3.3000000000000016,0.4881101376720901
2,18,Softmax,3.4000000000000017,0.40175219023779724
2,18,Softmax,3.5000000000000018,0.392991239048811
2,18,Softmax,3.600000000000002,0.46057571964956195
2,18,Softmax,3.700000000000002,0.48435544430538174
2,18,Tanh,2.2000000000000006,0.4755944931163955
2,18,Tanh,2.3000000000000007,0.425531914893617
2,18,Tanh,2.400000000000001,0.4831038798498123
2,18,Tanh,2.500000000000001,0.4330413016270338
2,18,Tanh,2.600000000000001,0.4455569461827284
2,18,Tanh,2.700000000000001,0.4230287859824781
2,18,Tanh,2.800000000000001,0.4718397997496871
2,18,Tanh,2.9000000000000012,0.4030037546933667
2,19,ReLU,0.6,0.5782227784730913
2,19,ReLU,0.7,0.6821026282853567
2,19,ReLU,0.7999999999999999,0.6145181476846058
2,19,ReLU,0.8999999999999999,0.5619524405506884
2,19,ReLU,0.9999999999999999,0.6295369211514393
2,19,ReLU,1.0999999999999999,0.5932415519399249
2,19,ReLU,1.2,0.5794743429286608
2,19,ReLU,1.3,0.55819774718398
2,19,Sigmoid,1.4000000000000001,0.6245306633291614
2,19,Sigmoid,1.5000000000000002,0.6458072590738423
2,19,Sigmoid,1.6000000000000003,0.6620775969962454
2,19,Sigmoid,1.7000000000000004,0.6608260325406758
2,19,Sigmoid,1.8000000000000005,0.6070087609511889
2,19,Sigmoid,1.9000000000000006,0.6745932415519399
2,19,Sigmoid,2.0000000000000004,0.655819774718398
2,19,Sigmoid,2.1000000000000005,0.6145181476846058
2,19,Softmax,3.0000000000000013,0.4856070087609512
2,19,Softmax,3.1000000000000014,0.4693366708385482
2,19,Softmax,3.2000000000000015,0.4918648310387985
2,19,Softmax,3.3000000000000016,0.5018773466833542
2,19,Softmax,3.4000000000000017,0.47434292866082606
2,19,Softmax,3.5000000000000018,0.47058823529411764
2,19,Softmax,3.600000000000002,0.5406758448060075
2,19,Softmax,3.700000000000002,0.4755944931163955
2,19,Tanh,2.2000000000000006,0.47434292866082606
2,19,Tanh,2.3000000000000007,0.47684605757196497
2,19,Tanh,2.400000000000001,0.4806007509386733
2,19,Tanh,2.500000000000001,0.4267834793491865
2,19,Tanh,2.600000000000001,0.4493116395494368
2,19,Tanh,2.700000000000001,0.46808510638297873
2,19,Tanh,2.800000000000001,0.44680851063829785
2,19,Tanh,2.9000000000000012,0.47684605757196497
2,20,ReLU,0.6,0.639549436795995
2,20,ReLU,0.7,0.6583229036295369
2,20,ReLU,0.7999999999999999,0.5957446808510638
2,20,ReLU,0.8999999999999999,0.5456821026282853
2,20,ReLU,0.9999999999999999,0.5957446808510638
2,20,ReLU,1.0999999999999999,0.5206508135168961
2,20,ReLU,1.2,0.5594493116395495
2,20,ReLU,1.3,0.5356695869837297
2,20,Sigmoid,1.4000000000000001,0.6846057571964956
2,20,Sigmoid,1.5000000000000002,0.6307884856070087
2,20,Sigmoid,1.6000000000000003,0.6370463078848561
2,20,Sigmoid,1.7000000000000004,0.5994993742177722
2,20,Sigmoid,1.8000000000000005,0.6620775969962454
2,20,Sigmoid,1.9000000000000006,0.6633291614518148
2,20,Sigmoid,2.0000000000000004,0.6583229036295369
2,20,Sigmoid,2.1000000000000005,0.6408010012515645
2,20,Softmax,3.0000000000000013,0.4718397997496871
2,20,Softmax,3.1000000000000014,0.5006257822277848
2,20,Softmax,3.2000000000000015,0.4755944931163955
2,20,Softmax,3.3000000000000016,0.4793491864831039
2,20,Softmax,3.4000000000000017,0.47684605757196497
2,20,Softmax,3.5000000000000018,0.4618272841051314
2,20,Softmax,3.600000000000002,0.4655819774718398
2,20,Softmax,3.700000000000002,0.5531914893617021
2,20,Tanh,2.2000000000000006,0.4856070087609512
2,20,Tanh,2.3000000000000007,0.47434292866082606
2,20,Tanh,2.400000000000001,0.43429286608260326
2,20,Tanh,2.500000000000001,0.4718397997496871
2,20,Tanh,2.600000000000001,0.45056320400500627
2,20,Tanh,2.700000000000001,0.40175219023779724
2,20,Tanh,2.800000000000001,0.3829787234042553
2,20,Tanh,2.9000000000000012,0.47684605757196497
2,21,ReLU,0.6,0.6770963704630788
2,21,ReLU,0.7,0.6220275344180225
2,21,ReLU,0.7999999999999999,0.6195244055068836
2,21,ReLU,0.8999999999999999,0.6157697121401752
2,21,ReLU,0.9999999999999999,0.5944931163954944
2,21,ReLU,1.0999999999999999,0.5356695869837297
2,21,ReLU,1.2,0.590738423028786
2,21,ReLU,1.3,0.541927409261577
2,21,Sigmoid,1.4000000000000001,0.6420525657071339
2,21,Sigmoid,1.5000000000000002,0.6295369211514393
2,21,Sigmoid,1.6000000000000003,0.609511889862328
2,21,Sigmoid,1.7000000000000004,0.6658322903629537
2,21,Sigmoid,1.8000000000000005,0.5819774718397998
2,21,Sigmoid,1.9000000000000006,0.6658322903629537
2,21,Sigmoid,2.0000000000000004,0.6495619524405507
2,21,Sigmoid,2.1000000000000005,0.6508135168961201
2,21,Softmax,3.0000000000000013,0.4856070087609512
2,21,Softmax,3.1000000000000014,0.4881101376720901
2,21,Softmax,3.2000000000000015,0.46808510638297873
2,21,Softmax,3.3000000000000016,0.47434292866082606
2,21,Softmax,3.4000000000000017,0.47058823529411764
2,21,Softmax,3.5000000000000018,0.47309136420525655
2,21,Softmax,3.600000000000002,0.4718397997496871
2,21,Softmax,3.700000000000002,0.47684605757196497
2,21,Tanh,2.2000000000000006,0.48685857321652065
2,21,Tanh,2.3000000000000007,0.4455569461827284
2,21,Tanh,2.400000000000001,0.4493116395494368
2,21,Tanh,2.500000000000001,0.44806007509386736
2,21,Tanh,2.600000000000001,0.4518147684605757
2,21,Tanh,2.700000000000001,0.44430538172715894
2,21,Tanh,2.800000000000001,0.43679599499374216
2,21,Tanh,2.9000000000000012,0.44430538172715894
3,17,ReLU,0.6,0.6295369211514393
3,17,ReLU,0.7,0.5932415519399249
3,17,ReLU,0.7999999999999999,0.5394242803504381
3,17,ReLU,0.8999999999999999,0.5707133917396746
3,17,ReLU,0.9999999999999999,0.5369211514392991
3,17,ReLU,1.0999999999999999,0.5344180225281602
3,17,ReLU,1.2,0.5369211514392991
3,17,ReLU,1.3,0.5994993742177722
3,17,Sigmoid,1.4000000000000001,0.6708385481852316
3,17,Sigmoid,1.5000000000000002,0.5919899874843555
3,17,Sigmoid,1.6000000000000003,0.5869837296620776
3,17,Sigmoid,1.7000000000000004,0.6770963704630788
3,17,Sigmoid,1.8000000000000005,0.6020025031289111
3,17,Sigmoid,1.9000000000000006,0.5444305381727159
3,17,Sigmoid,2.0000000000000004,0.6295369211514393
3,17,Sigmoid,2.1000000000000005,0.5944931163954944
3,17,Softmax,3.0000000000000013,0.47058823529411764
3,17,Softmax,3.1000000000000014,0.32916145181476847
3,17,Softmax,3.2000000000000015,0.3566958698372966
3,17,Softmax,3.3000000000000016,0.32916145181476847
3,17,Softmax,3.4000000000000017,0.3141426783479349
3,17,Softmax,3.5000000000000018,0.3141426783479349
3,17,Softmax,3.600000000000002,0.43178973717146435
3,17,Softmax,3.700000000000002,0.3141426783479349
3,17,Tanh,2.2000000000000006,0.37546933667083854
3,17,Tanh,2.3000000000000007,0.4292866082603254
3,17,Tanh,2.400000000000001,0.3992490613266583
3,17,Tanh,2.500000000000001,0.409261576971214
3,17,Tanh,2.600000000000001,0.3429286608260325
3,17,Tanh,2.700000000000001,0.3541927409261577
3,17,Tanh,2.800000000000001,0.3341677096370463
3,17,Tanh,2.9000000000000012,0.30663329161451813
3,18,ReLU,0.6,0.5256570713391739
3,18,ReLU,0.7,0.6420525657071339
3,18,ReLU,0.7999999999999999,0.5556946182728411
3,18,ReLU,0.8999999999999999,0.5807259073842302
3,18,ReLU,0.9999999999999999,0.5657071339173968
3,18,ReLU,1.0999999999999999,0.5944931163954944
3,18,ReLU,1.2,0.5456821026282853
3,18,ReLU,1.3,0.5356695869837297
3,18,Sigmoid,1.4000000000000001,0.6733416770963705
3,18,Sigmoid,1.5000000000000002,0.5644555694618273
3,18,Sigmoid,1.6000000000000003,0.5619524405506884
3,18,Sigmoid,1.7000000000000004,0.6508135168961201
3,18,Sigmoid,1.8000000000000005,0.6470588235294118
3,18,Sigmoid,1.9000000000000006,0.6257822277847309
3,18,Sigmoid,2.0000000000000004,0.6207759699624531
3,18,Sigmoid,2.1000000000000005,0.5894868585732165
3,18,Softmax,3.0000000000000013,0.47309136420525655
3,18,Softmax,3.1000000000000014,0.3141426783479349
3,18,Softmax,3.2000000000000015,0.3566958698372966
3,18,Softmax,3.3000000000000016,0.32916145181476847
3,18,Softmax,3.4000000000000017,0.3141426783479349
3,18,Softmax,3.5000000000000018,0.45807259073842305
3,18,Softmax,3.600000000000002,0.3141426783479349
3,18,Softmax,3.700000000000002,0.43679599499374216
3,18,Tanh,2.2000000000000006,0.42177722152690866
3,18,Tanh,2.3000000000000007,0.37797246558197745
3,18,Tanh,2.400000000000001,0.409261576971214
3,18,Tanh,2.500000000000001,0.38172715894868586
3,18,Tanh,2.600000000000001,0.36545682102628285
3,18,Tanh,2.700000000000001,0.4117647058823529
3,18,Tanh,2.800000000000001,0.33917396745932415
3,18,Tanh,2.9000000000000012,0.31038798498122655
3,19,ReLU,0.6,0.6020025031289111
3,19,ReLU,0.7,0.574468085106383
3,19,ReLU,0.7999999999999999,0.5844806007509387
3,19,ReLU,0.8999999999999999,0.5844806007509387
3,19,ReLU,0.9999999999999999,0.5769712140175219
3,19,ReLU,1.0999999999999999,0.5807259073842302
3,19,ReLU,1.2,0.5807259073842302
3,19,ReLU,1.3,0.49937421777221525
3,19,Sigmoid,1.4000000000000001,0.590738423028786
3,19,Sigmoid,1.5000000000000002,0.6495619524405507
3,19,Sigmoid,1.6000000000000003,0.6583229036295369
3,19,Sigmoid,1.7000000000000004,0.5506883604505632
3,19,Sigmoid,1.8000000000000005,0.6132665832290363
3,19,Sigmoid,1.9000000000000006,0.6695869837296621
3,19,Sigmoid,2.0000000000000004,0.6433041301627034
3,19,Sigmoid,2.1000000000000005,0.6195244055068836
3,19,Softmax,3.0000000000000013,0.32916145181476847
3,19,Softmax,3.1000000000000014,0.3141426783479349
3,19,Softmax,3.2000000000000015,0.3566958698372966
3,19,Softmax,3.3000000000000016,0.3141426783479349
3,19,Softmax,3.4000000000000017,0.3566958698372966
3,19,Softmax,3.5000000000000018,0.3566958698372966
3,19,Softmax,3.600000000000002,0.3566958698372966
3,19,Softmax,3.700000000000002,0.3141426783479349
3,19,Tanh,2.2000000000000006,0.4568210262828536
3,19,Tanh,2.3000000000000007,0.48685857321652065
3,19,Tanh,2.400000000000001,0.32540675844806005
3,19,Tanh,2.500000000000001,0.392991239048811
3,19,Tanh,2.600000000000001,0.3742177722152691
3,19,Tanh,2.700000000000001,0.31038798498122655
3,19,Tanh,2.800000000000001,0.376720901126408
3,19,Tanh,2.9000000000000012,0.3566958698372966
3,20,ReLU,0.6,0.5969962453066333
3,20,ReLU,0.7,0.6207759699624531
3,20,ReLU,0.7999999999999999,0.5982478097622027
3,20,ReLU,0.8999999999999999,0.6070087609511889
3,20,ReLU,0.9999999999999999,0.5782227784730913
3,20,ReLU,1.0999999999999999,0.5607008760951189
3,20,ReLU,1.2,0.5607008760951189
3,20,ReLU,1.3,0.5807259073842302
3,20,Sigmoid,1.4000000000000001,0.5969962453066333
3,20,Sigmoid,1.5000000000000002,0.5794743429286608
3,20,Sigmoid,1.6000000000000003,0.6620775969962454
3,20,Sigmoid,1.7000000000000004,0.6132665832290363
3,20,Sigmoid,1.8000000000000005,0.6282853566958698
3,20,Sigmoid,1.9000000000000006,0.5632040050062578
3,20,Sigmoid,2.0000000000000004,0.6520650813516896
3,20,Sigmoid,2.1000000000000005,0.6332916145181476
3,20,Softmax,3.0000000000000013,0.3141426783479349
3,20,Softmax,3.1000000000000014,0.3141426783479349
3,20,Softmax,3.2000000000000015,0.3566958698372966
3,20,Softmax,3.3000000000000016,0.3566958698372966
3,20,Softmax,3.4000000000000017,0.3141426783479349
3,20,Softmax,3.5000000000000018,0.3566958698372966
3,20,Softmax,3.600000000000002,0.32916145181476847
3,20,Softmax,3.700000000000002,0.3141426783479349
3,20,Tanh,2.2000000000000006,0.36795994993742176
3,20,Tanh,2.3000000000000007,0.3879849812265332
3,20,Tanh,2.400000000000001,0.37797246558197745
3,20,Tanh,2.500000000000001,0.38423028785982477
3,20,Tanh,2.600000000000001,0.3742177722152691
3,20,Tanh,2.700000000000001,0.3704630788485607
3,20,Tanh,2.800000000000001,0.3354192740926158
3,20,Tanh,2.9000000000000012,0.3829787234042553
3,21,ReLU,0.6,0.6120150187734669
3,21,ReLU,0.7,0.6182728410513142
3,21,ReLU,0.7999999999999999,0.5944931163954944
3,21,ReLU,0.8999999999999999,0.6032540675844806
3,21,ReLU,0.9999999999999999,0.590738423028786
3,21,ReLU,1.0999999999999999,0.5919899874843555
3,21,ReLU,1.2,0.5456821026282853
3,21,ReLU,1.3,0.5344180225281602
3,21,Sigmoid,1.4000000000000001,0.590738423028786
3,21,Sigmoid,1.5000000000000002,0.6382978723404256
3,21,Sigmoid,1.6000000000000003,0.5269086357947435
3,21,Sigmoid,1.7000000000000004,0.5844806007509387
3,21,Sigmoid,1.8000000000000005,0.6382978723404256
3,21,Sigmoid,1.9000000000000006,0.5444305381727159
3,21,Sigmoid,2.0000000000000004,0.6295369211514393
3,21,Sigmoid,2.1000000000000005,0.6795994993742178
3,21,Softmax,3.0000000000000013,0.32916145181476847
3,21,Softmax,3.1000000000000014,0.32916145181476847
3,21,Softmax,3.2000000000000015,0.3566958698372966
3,21,Softmax,3.3000000000000016,0.32916145181476847
3,21,Softmax,3.4000000000000017,0.3566958698372966
3,21,Softmax,3.5000000000000018,0.47309136420525655
3,21,Softmax,3.600000000000002,0.3566958698372966
3,21,Softmax,3.700000000000002,0.3566958698372966
3,21,Tanh,2.2000000000000006,0.4518147684605757
3,21,Tanh,2.3000000000000007,0.39424280350438046
3,21,Tanh,2.400000000000001,0.38423028785982477
3,21,Tanh,2.500000000000001,0.3904881101376721
3,21,Tanh,2.600000000000001,0.3479349186483104
3,21,Tanh,2.700000000000001,0.3617021276595745
3,21,Tanh,2.800000000000001,0.34918648310387984
3,21,Tanh,2.9000000000000012,0.3829787234042553
4,17,ReLU,0.6,0.6220275344180225
4,17,ReLU,0.7,0.5982478097622027
4,17,ReLU,0.7999999999999999,0.5832290362953693
4,17,ReLU,0.8999999999999999,0.5319148936170213
4,17,ReLU,0.9999999999999999,0.55819774718398
4,17,ReLU,1.0999999999999999,0.490613266583229
4,17,ReLU,1.2,0.5644555694618273
4,17,ReLU,1.3,0.47684605757196497
4,17,Sigmoid,1.4000000000000001,0.32916145181476847
4,17,Sigmoid,1.5000000000000002,0.4806007509386733
4,17,Sigmoid,1.6000000000000003,0.5594493116395495
4,17,Sigmoid,1.7000000000000004,0.6195244055068836
4,17,Sigmoid,1.8000000000000005,0.3141426783479349
4,17,Sigmoid,1.9000000000000006,0.6645807259073843
4,17,Sigmoid,2.0000000000000004,0.6107634543178974
4,17,Sigmoid,2.1000000000000005,0.4618272841051314
4,17,Softmax,3.0000000000000013,0.32916145181476847
4,17,Softmax,3.1000000000000014,0.3141426783479349
4,17,Softmax,3.2000000000000015,0.32916145181476847
4,17,Softmax,3.3000000000000016,0.32916145181476847
4,17,Softmax,3.4000000000000017,0.3566958698372966
4,17,Softmax,3.5000000000000018,0.3566958698372966
4,17,Softmax,3.600000000000002,0.32916145181476847
4,17,Softmax,3.700000000000002,0.3566958698372966
4,17,Tanh,2.2000000000000006,0.3304130162703379
4,17,Tanh,2.3000000000000007,0.3091364205256571
4,17,Tanh,2.400000000000001,0.36295369211514394
4,17,Tanh,2.500000000000001,0.35544430538172717
4,17,Tanh,2.600000000000001,0.3617021276595745
4,17,Tanh,2.700000000000001,0.311639549436796
4,17,Tanh,2.800000000000001,0.3867334167709637
4,17,Tanh,2.9000000000000012,0.3667083854818523
4,18,ReLU,0.6,0.6032540675844806
4,18,ReLU,0.7,0.6207759699624531
4,18,ReLU,0.7999999999999999,0.5506883604505632
4,18,ReLU,0.8999999999999999,0.5594493116395495
4,18,ReLU,0.9999999999999999,0.5632040050062578
4,18,ReLU,1.0999999999999999,0.5682102628285357
4,18,ReLU,1.2,0.571964956195244
4,18,ReLU,1.3,0.5494367959949937
4,18,Sigmoid,1.4000000000000001,0.5394242803504381
4,18,Sigmoid,1.5000000000000002,0.623279098873592
4,18,Sigmoid,1.6000000000000003,0.42052565707133915
4,18,Sigmoid,1.7000000000000004,0.6570713391739674
4,18,Sigmoid,1.8000000000000005,0.6658322903629537
4,18,Sigmoid,1.9000000000000006,0.655819774718398
4,18,Sigmoid,2.0000000000000004,0.590738423028786
4,18,Sigmoid,2.1000000000000005,0.3566958698372966
4,18,Softmax,3.0000000000000013,0.3566958698372966
4,18,Softmax,3.1000000000000014,0.32916145181476847
4,18,Softmax,3.2000000000000015,0.3141426783479349
4,18,Softmax,3.3000000000000016,0.32916145181476847
4,18,Softmax,3.4000000000000017,0.3141426783479349
4,18,Softmax,3.5000000000000018,0.3566958698372966
4,18,Softmax,3.600000000000002,0.3566958698372966
4,18,Softmax,3.700000000000002,0.32916145181476847
4,18,Tanh,2.2000000000000006,0.3992490613266583
4,18,Tanh,2.3000000000000007,0.39173967459324155
4,18,Tanh,2.400000000000001,0.32916145181476847
4,18,Tanh,2.500000000000001,0.3617021276595745
4,18,Tanh,2.600000000000001,0.327909887359199
4,18,Tanh,2.700000000000001,0.360450563204005
4,18,Tanh,2.800000000000001,0.3566958698372966
4,18,Tanh,2.9000000000000012,0.32040050062578224
4,19,ReLU,0.6,0.5494367959949937
4,19,ReLU,0.7,0.5869837296620776
4,19,ReLU,0.7999999999999999,0.5707133917396746
4,19,ReLU,0.8999999999999999,0.571964956195244
4,19,ReLU,0.9999999999999999,0.5644555694618273
4,19,ReLU,1.0999999999999999,0.5106382978723404
4,19,ReLU,1.2,0.5882352941176471
4,19,ReLU,1.3,0.5544430538172715
4,19,Sigmoid,1.4000000000000001,0.6670838548185232
4,19,Sigmoid,1.5000000000000002,0.6608260325406758
4,19,Sigmoid,1.6000000000000003,0.32916145181476847
4,19,Sigmoid,1.7000000000000004,0.32916145181476847
4,19,Sigmoid,1.8000000000000005,0.6282853566958698
4,19,Sigmoid,1.9000000000000006,0.5669586983729662
4,19,Sigmoid,2.0000000000000004,0.6320400500625782
4,19,Sigmoid,2.1000000000000005,0.6608260325406758
4,19,Softmax,3.0000000000000013,0.32916145181476847
4,19,Softmax,3.1000000000000014,0.3141426783479349
4,19,Softmax,3.2000000000000015,0.32916145181476847
4,19,Softmax,3.3000000000000016,0.3566958698372966
4,19,Softmax,3.4000000000000017,0.32916145181476847
4,19,Softmax,3.5000000000000018,0.32916145181476847
4,19,Softmax,3.600000000000002,0.32916145181476847
4,19,Softmax,3.700000000000002,0.3141426783479349
4,19,Tanh,2.2000000000000006,0.3479349186483104
4,19,Tanh,2.3000000000000007,0.3579474342928661
4,19,Tanh,2.400000000000001,0.35168961201501875
4,19,Tanh,2.500000000000001,0.3404255319148936
4,19,Tanh,2.600000000000001,0.32665832290362956
4,19,Tanh,2.700000000000001,0.31289111389236546
4,19,Tanh,2.800000000000001,0.31038798498122655
4,19,Tanh,2.9000000000000012,0.36295369211514394
4,20,ReLU,0.6,0.639549436795995
4,20,ReLU,0.7,0.5556946182728411
4,20,ReLU,0.7999999999999999,0.5919899874843555
4,20,ReLU,0.8999999999999999,0.5682102628285357
4,20,ReLU,0.9999999999999999,0.5882352941176471
4,20,ReLU,1.0999999999999999,0.5531914893617021
4,20,ReLU,1.2,0.5043804755944932
4,20,ReLU,1.3,0.5644555694618273
4,20,Sigmoid,1.4000000000000001,0.45807259073842305
4,20,Sigmoid,1.5000000000000002,0.60450563204005
4,20,Sigmoid,1.6000000000000003,0.5982478097622027
4,20,Sigmoid,1.7000000000000004,0.590738423028786
4,20,Sigmoid,1.8000000000000005,0.5919899874843555
4,20,Sigmoid,1.9000000000000006,0.5381727158948686
4,20,Sigmoid,2.0000000000000004,0.4668335419274093
4,20,Sigmoid,2.1000000000000005,0.5832290362953693
4,20,Softmax,3.0000000000000013,0.32916145181476847
4,20,Softmax,3.1000000000000014,0.3141426783479349
4,20,Softmax,3.2000000000000015,0.3566958698372966
4,20,Softmax,3.3000000000000016,0.3141426783479349
4,20,Softmax,3.4000000000000017,0.32916145181476847
4,20,Softmax,3.5000000000000018,0.32916145181476847
4,20,Softmax,3.600000000000002,0.3141426783479349
4,20,Softmax,3.700000000000002,0.3141426783479349
4,20,Tanh,2.2000000000000006,0.3141426783479349
4,20,Tanh,2.3000000000000007,0.3867334167709637
4,20,Tanh,2.400000000000001,0.35294117647058826
4,20,Tanh,2.500000000000001,0.3166458072590738
4,20,Tanh,2.600000000000001,0.3354192740926158
4,20,Tanh,2.700000000000001,0.3404255319148936
4,20,Tanh,2.800000000000001,0.3692115143929912
4,20,Tanh,2.9000000000000012,0.35168961201501875
4,21,ReLU,0.6,0.5982478097622027
4,21,ReLU,0.7,0.5456821026282853
4,21,ReLU,0.7999999999999999,0.5344180225281602
4,21,ReLU,0.8999999999999999,0.5732165206508135
4,21,ReLU,0.9999999999999999,0.5819774718397998
4,21,ReLU,1.0999999999999999,0.5431789737171464
4,21,ReLU,1.2,0.6057571964956195
4,21,ReLU,1.3,0.523153942428035
4,21,Sigmoid,1.4000000000000001,0.6307884856070087
4,21,Sigmoid,1.5000000000000002,0.5244055068836045
4,21,Sigmoid,1.6000000000000003,0.3566958698372966
4,21,Sigmoid,1.7000000000000004,0.6107634543178974
4,21,Sigmoid,1.8000000000000005,0.3141426783479349
4,21,Sigmoid,1.9000000000000006,0.6520650813516896
4,21,Sigmoid,2.0000000000000004,0.6345431789737171
4,21,Sigmoid,2.1000000000000005,0.6357947434292867
4,21,Softmax,3.0000000000000013,0.3566958698372966
4,21,Softmax,3.1000000000000014,0.3566958698372966
4,21,Softmax,3.2000000000000015,0.32916145181476847
4,21,Softmax,3.3000000000000016,0.3566958698372966
4,21,Softmax,3.4000000000000017,0.32916145181476847
4,21,Softmax,3.5000000000000018,0.3141426783479349
4,21,Softmax,3.600000000000002,0.3566958698372966
4,21,Softmax,3.700000000000002,0.3141426783479349
4,21,Tanh,2.2000000000000006,0.37797246558197745
4,21,Tanh,2.3000000000000007,0.37546933667083854
4,21,Tanh,2.400000000000001,0.3717146433041302
4,21,Tanh,2.500000000000001,0.3404255319148936
4,21,Tanh,2.600000000000001,0.3579474342928661
4,21,Tanh,2.700000000000001,0.31038798498122655
4,21,Tanh,2.800000000000001,0.3642052565707134
4,21,Tanh,2.9000000000000012,0.3141426783479349
